<?xml version="1.0" encoding="UTF-8"?>
<project-private xmlns="http://www.netbeans.org/ns/project-private/1">
    <editor-bookmarks xmlns="http://www.netbeans.org/ns/editor-bookmarks/2" lastBookmarkId="0"/>
    <open-files xmlns="http://www.netbeans.org/ns/projectui-open-files/2">
        <group>
            <file>file:/Users/paololanza/NetBeansProjects/JobScheduler/src/jobscheduler/Anagrams.java</file>
            <file>file:/Users/paololanza/NetBeansProjects/JobScheduler/src/jobscheduler/AJob.java</file>
            <file>file:/Users/paololanza/NetBeansProjects/JobScheduler/src/jobscheduler/JobScheduler.java</file>
            <file>file:/Users/paololanza/NetBeansProjects/JobScheduler/src/jobscheduler/Task.java</file>
            <file>file:/Users/paololanza/NetBeansProjects/JobScheduler/src/jobscheduler/Pair.java</file>
        </group>
    </open-files>
</project-private>
